<?xml version="1.0" encoding="UTF-8"?>
<GenRun Id="synth_1" LaunchPart="xcku040-ffva1156-2-e" LaunchTime="1512732042">
  <File Type="PA-TCL" Name="mySystem_wrapper.tcl"/>
  <File Type="RDS-PROPCONSTRS" Name="mySystem_wrapper_drc_synth.rpt"/>
  <File Type="RDS-RDS" Name="mySystem_wrapper.vds"/>
  <File Type="RDS-UTIL" Name="mySystem_wrapper_utilization_synth.rpt"/>
  <File Type="RDS-UTIL-PB" Name="mySystem_wrapper_utilization_synth.pb"/>
  <File Type="RDS-DCP" Name="mySystem_wrapper.dcp"/>
  <File Type="VDS-TIMINGSUMMARY" Name="mySystem_wrapper_timing_summary_synth.rpt"/>
  <File Type="VDS-TIMING-PB" Name="mySystem_wrapper_timing_summary_synth.pb"/>
  <FileSet Name="sources" Type="DesignSrcs" RelSrcDir="$PSRCDIR/sources_1">
    <Filter Type="Srcs"/>
    <File Path="$PSRCDIR/sources_1/new/Transport_layer_DAC38RF82_84111.v">
      <FileInfo>
        <Attr Name="ImportPath" Val="$PPRDIR/../../../Xilinx/DAC38RF82/UltraScale_P7_T14/prj_MyKcu105_TI/prj_MyKcu105_TI.srcs/sources_1/new/Transport_layer_DAC38RF82_84111.v"/>
        <Attr Name="ImportTime" Val="1512373717"/>
        <Attr Name="UsedIn" Val="synthesis"/>
        <Attr Name="UsedIn" Val="implementation"/>
        <Attr Name="UsedIn" Val="simulation"/>
      </FileInfo>
    </File>
    <File Path="$PSRCDIR/sources_1/bd/mySystem/mySystem.bd">
      <FileInfo>
        <Attr Name="ImportPath" Val="$PPRDIR/../../../Xilinx/DAC38RF82/UltraScale_P7_T14/prj_MyKcu105_TI/prj_MyKcu105_TI.srcs/sources_1/bd/mySystem/mySystem.bd"/>
        <Attr Name="ImportTime" Val="1512732028"/>
        <Attr Name="UsedIn" Val="synthesis"/>
        <Attr Name="UsedIn" Val="implementation"/>
        <Attr Name="UsedIn" Val="simulation"/>
      </FileInfo>
    </File>
    <File Path="$PSRCDIR/sources_1/bd/mySystem/hdl/mySystem_wrapper.v">
      <FileInfo>
        <Attr Name="ImportPath" Val="$PPRDIR/../../../Xilinx/DAC38RF82/UltraScale_P7_T14/prj_MyKcu105_TI/prj_MyKcu105_TI.srcs/sources_1/bd/mySystem/hdl/mySystem_wrapper.v"/>
        <Attr Name="ImportTime" Val="1512732028"/>
        <Attr Name="UsedIn" Val="synthesis"/>
        <Attr Name="UsedIn" Val="implementation"/>
        <Attr Name="UsedIn" Val="simulation"/>
      </FileInfo>
    </File>
    <File Path="$PPRDIR/../../../Xilinx/DAC38RF82/UltraScale_P7_T14/sw_src/uhwd/Debug/uhwd_static.elf">
      <FileInfo>
        <Attr Name="UsedIn" Val="implementation"/>
        <Attr Name="ScopedToRef" Val="core_name_ddr4_mem_intfc"/>
        <Attr Name="ScopedToCell" Val="u_ddr_cal_riu/mcs0/microblaze_I"/>
        <Attr Name="IsVisible" Val="1"/>
      </FileInfo>
    </File>
    <File Path="$PPRDIR/../../../Xilinx/DAC38RF82/UltraScale_P7_T14/sw_src/uhwd/Debug/uhwd_dhcp.elf">
      <FileInfo>
        <Attr Name="UsedIn" Val="implementation"/>
        <Attr Name="ScopedToRef" Val="core_name_ddr4_mem_intfc"/>
        <Attr Name="ScopedToCell" Val="u_ddr_cal_riu/mcs0/microblaze_I"/>
        <Attr Name="IsVisible" Val="1"/>
      </FileInfo>
    </File>
    <Config>
      <Option Name="DesignMode" Val="RTL"/>
      <Option Name="TopModule" Val="mySystem_wrapper"/>
      <Option Name="TopAutoSet" Val="TRUE"/>
    </Config>
  </FileSet>
  <FileSet Name="constrs_in" Type="Constrs" RelSrcDir="$PSRCDIR/constrs_1">
    <Filter Type="Constrs"/>
    <File Path="$PSRCDIR/constrs_1/imports/constraints/KCU105.xdc">
      <FileInfo>
        <Attr Name="ImportPath" Val="$PPRDIR/../../../Xilinx/DAC38RF82/UltraScale_P7_T14/constraints/KCU105.xdc"/>
        <Attr Name="ImportTime" Val="1463090368"/>
        <Attr Name="UsedIn" Val="synthesis"/>
        <Attr Name="UsedIn" Val="implementation"/>
      </FileInfo>
    </File>
    <File Path="$PSRCDIR/constrs_1/imports/constraints/KCU105_io_TI.xdc">
      <FileInfo>
        <Attr Name="ImportPath" Val="$PPRDIR/../../../Xilinx/DAC38RF82/UltraScale_P7_T14/constraints/KCU105_io_TI.xdc"/>
        <Attr Name="ImportTime" Val="1457553134"/>
        <Attr Name="UsedIn" Val="synthesis"/>
        <Attr Name="UsedIn" Val="implementation"/>
      </FileInfo>
    </File>
    <File Path="$PSRCDIR/constrs_1/imports/constraints/KCU105_io.xdc">
      <FileInfo>
        <Attr Name="ImportPath" Val="$PPRDIR/../../../Xilinx/DAC38RF82/UltraScale_P7_T14/constraints/KCU105_io.xdc"/>
        <Attr Name="ImportTime" Val="1449702636"/>
        <Attr Name="UsedIn" Val="synthesis"/>
        <Attr Name="UsedIn" Val="implementation"/>
      </FileInfo>
    </File>
    <Config>
      <Option Name="TargetConstrsFile" Val="$PSRCDIR/constrs_1/imports/constraints/KCU105_io.xdc"/>
      <Option Name="ConstrsType" Val="XDC"/>
    </Config>
  </FileSet>
  <Strategy Version="1" Minor="2">
    <StratHandle Name="Vivado Synthesis Defaults" Flow="Vivado Synthesis 2016"/>
    <Step Id="synth_design"/>
  </Strategy>
</GenRun>
