<?xml version="1.0" encoding="UTF-8"?>
<GenRun Id="impl_1" LaunchPart="xcku040-ffva1156-2-e" LaunchTime="1512732042">
  <File Type="ROUTE-STATUS-PB" Name="mySystem_wrapper_route_status.pb"/>
  <File Type="PA-TCL" Name="mySystem_wrapper.tcl"/>
  <File Type="OPT-DCP" Name="mySystem_wrapper_opt.dcp"/>
  <File Type="INIT-TIMING" Name="mySystem_wrapper_timing_summary_init.rpt"/>
  <File Type="OPT-METHODOLOGY-DRC" Name="mySystem_wrapper_methodology_drc_opted.rpt"/>
  <File Type="RDI-RDI" Name="mySystem_wrapper.vdi"/>
  <File Type="PWROPT-DRC" Name="mySystem_wrapper_drc_pwropted.rpt"/>
  <File Type="OPT-DRC" Name="mySystem_wrapper_drc_opted.rpt"/>
  <File Type="PWROPT-DCP" Name="mySystem_wrapper_pwropt.dcp"/>
  <File Type="OPT-HWDEF" Name="mySystem_wrapper.hwdef"/>
  <File Type="OPT-TIMING" Name="mySystem_wrapper_timing_summary_opted.rpt"/>
  <File Type="PWROPT-TIMING" Name="mySystem_wrapper_timing_summary_pwropted.rpt"/>
  <File Type="PLACE-DCP" Name="mySystem_wrapper_placed.dcp"/>
  <File Type="PLACE-IO" Name="mySystem_wrapper_io_placed.rpt"/>
  <File Type="PLACE-CLK" Name="mySystem_wrapper_clock_utilization_placed.rpt"/>
  <File Type="PLACE-UTIL" Name="mySystem_wrapper_utilization_placed.rpt"/>
  <File Type="PLACE-UTIL-PB" Name="mySystem_wrapper_utilization_placed.pb"/>
  <File Type="PLACE-CTRL" Name="mySystem_wrapper_control_sets_placed.rpt"/>
  <File Type="PLACE-SIMILARITY" Name="mySystem_wrapper_incremental_reuse_placed.rpt"/>
  <File Type="PLACE-PRE-SIMILARITY" Name="mySystem_wrapper_incremental_reuse_pre_placed.rpt"/>
  <File Type="PLACE-TIMING" Name="mySystem_wrapper_timing_summary_placed.rpt"/>
  <File Type="POSTPLACE-PWROPT-DCP" Name="mySystem_wrapper_postplace_pwropt.dcp"/>
  <File Type="POSTPLACE-PWROPT-TIMING" Name="mySystem_wrapper_timing_summary_postplace_pwropted.rpt"/>
  <File Type="PHYSOPT-DCP" Name="mySystem_wrapper_physopt.dcp"/>
  <File Type="PHYSOPT-DRC" Name="mySystem_wrapper_drc_physopted.rpt"/>
  <File Type="PHYSOPT-TIMING" Name="mySystem_wrapper_timing_summary_physopted.rpt"/>
  <File Type="ROUTE-DCP" Name="mySystem_wrapper_routed.dcp"/>
  <File Type="ROUTE-BLACKBOX-DCP" Name="mySystem_wrapper_routed_bb.dcp"/>
  <File Type="ROUTE-DRC" Name="mySystem_wrapper_drc_routed.rpt"/>
  <File Type="ROUTE-DRC-PB" Name="mySystem_wrapper_drc_routed.pb"/>
  <File Type="ROUTE-METHODOLOGY-DRC" Name="mySystem_wrapper_methodology_drc_routed.rpt"/>
  <File Type="ROUTE-METHODOLOGY-DRC-PB" Name="mySystem_wrapper_methodology_drc_routed.pb"/>
  <File Type="BG-BIT" Name="mySystem_wrapper.bit"/>
  <File Type="ROUTE-PWR" Name="mySystem_wrapper_power_routed.rpt"/>
  <File Type="ROUTE-PWR-SUM" Name="mySystem_wrapper_power_summary_routed.pb"/>
  <File Type="ROUTE-PWR-RPX" Name="mySystem_wrapper_power_routed.rpx"/>
  <File Type="ROUTE-STATUS" Name="mySystem_wrapper_route_status.rpt"/>
  <File Type="ROUTE-TIMINGSUMMARY" Name="mySystem_wrapper_timing_summary_routed.rpt"/>
  <File Type="ROUTE-TIMING-PB" Name="mySystem_wrapper_timing_summary_routed.pb"/>
  <File Type="ROUTE-TIMING-RPX" Name="mySystem_wrapper_timing_summary_routed.rpx"/>
  <File Type="ROUTE-SIMILARITY" Name="mySystem_wrapper_incremental_reuse_routed.rpt"/>
  <File Type="ROUTE-CLK" Name="mySystem_wrapper_clock_utilization_routed.rpt"/>
  <File Type="POSTROUTE-PHYSOPT-DCP" Name="mySystem_wrapper_postroute_physopt.dcp"/>
  <File Type="POSTROUTE-PHYSOPT-BLACKBOX-DCP" Name="mySystem_wrapper_postroute_physopt_bb.dcp"/>
  <File Type="POSTROUTE-PHYSOPT-TIMING" Name="mySystem_wrapper_timing_summary_postroute_physopted.rpt"/>
  <File Type="POSTROUTE-PHYSOPT-TIMING-PB" Name="mySystem_wrapper_timing_summary_postroute_physopted.pb"/>
  <File Type="POSTROUTE-PHYSOPT-TIMING-RPX" Name="mySystem_wrapper_timing_summary_postroute_physopted.rpx"/>
  <File Type="BG-BIN" Name="mySystem_wrapper.bin"/>
  <File Type="BITSTR-MSK" Name="mySystem_wrapper.msk"/>
  <File Type="BITSTR-RBT" Name="mySystem_wrapper.rbt"/>
  <File Type="BITSTR-NKY" Name="mySystem_wrapper.nky"/>
  <File Type="BITSTR-BMM" Name="mySystem_wrapper_bd.bmm"/>
  <File Type="BITSTR-MMI" Name="mySystem_wrapper.mmi"/>
  <File Type="BITSTR-SYSDEF" Name="mySystem_wrapper.sysdef"/>
  <File Type="BG-BGN" Name="mySystem_wrapper.bgn"/>
  <File Type="BG-DRC" Name="mySystem_wrapper.drc"/>
  <File Type="WBT-USG" Name="usage_statistics_webtalk.html"/>
  <FileSet Name="sources" Type="DesignSrcs" RelSrcDir="$PSRCDIR/sources_1">
    <Filter Type="Srcs"/>
    <File Path="$PSRCDIR/sources_1/new/Transport_layer_DAC38RF82_84111.v">
      <FileInfo>
        <Attr Name="ImportPath" Val="$PPRDIR/../../../Xilinx/DAC38RF82/UltraScale_P7_T14/prj_MyKcu105_TI/prj_MyKcu105_TI.srcs/sources_1/new/Transport_layer_DAC38RF82_84111.v"/>
        <Attr Name="ImportTime" Val="1512373717"/>
        <Attr Name="UsedIn" Val="synthesis"/>
        <Attr Name="UsedIn" Val="implementation"/>
        <Attr Name="UsedIn" Val="simulation"/>
      </FileInfo>
    </File>
    <File Path="$PSRCDIR/sources_1/bd/mySystem/mySystem.bd">
      <FileInfo>
        <Attr Name="ImportPath" Val="$PPRDIR/../../../Xilinx/DAC38RF82/UltraScale_P7_T14/prj_MyKcu105_TI/prj_MyKcu105_TI.srcs/sources_1/bd/mySystem/mySystem.bd"/>
        <Attr Name="ImportTime" Val="1512732028"/>
        <Attr Name="UsedIn" Val="synthesis"/>
        <Attr Name="UsedIn" Val="implementation"/>
        <Attr Name="UsedIn" Val="simulation"/>
      </FileInfo>
    </File>
    <File Path="$PSRCDIR/sources_1/bd/mySystem/hdl/mySystem_wrapper.v">
      <FileInfo>
        <Attr Name="ImportPath" Val="$PPRDIR/../../../Xilinx/DAC38RF82/UltraScale_P7_T14/prj_MyKcu105_TI/prj_MyKcu105_TI.srcs/sources_1/bd/mySystem/hdl/mySystem_wrapper.v"/>
        <Attr Name="ImportTime" Val="1512732028"/>
        <Attr Name="UsedIn" Val="synthesis"/>
        <Attr Name="UsedIn" Val="implementation"/>
        <Attr Name="UsedIn" Val="simulation"/>
      </FileInfo>
    </File>
    <File Path="$PPRDIR/../../../Xilinx/DAC38RF82/UltraScale_P7_T14/sw_src/uhwd/Debug/uhwd_static.elf">
      <FileInfo>
        <Attr Name="UsedIn" Val="implementation"/>
        <Attr Name="ScopedToRef" Val="core_name_ddr4_mem_intfc"/>
        <Attr Name="ScopedToCell" Val="u_ddr_cal_riu/mcs0/microblaze_I"/>
        <Attr Name="IsVisible" Val="1"/>
      </FileInfo>
    </File>
    <File Path="$PPRDIR/../../../Xilinx/DAC38RF82/UltraScale_P7_T14/sw_src/uhwd/Debug/uhwd_dhcp.elf">
      <FileInfo>
        <Attr Name="UsedIn" Val="implementation"/>
        <Attr Name="ScopedToRef" Val="core_name_ddr4_mem_intfc"/>
        <Attr Name="ScopedToCell" Val="u_ddr_cal_riu/mcs0/microblaze_I"/>
        <Attr Name="IsVisible" Val="1"/>
      </FileInfo>
    </File>
    <Config>
      <Option Name="DesignMode" Val="RTL"/>
      <Option Name="TopModule" Val="mySystem_wrapper"/>
      <Option Name="TopAutoSet" Val="TRUE"/>
    </Config>
  </FileSet>
  <FileSet Name="constrs_in" Type="Constrs" RelSrcDir="$PSRCDIR/constrs_1">
    <Filter Type="Constrs"/>
    <File Path="$PSRCDIR/constrs_1/imports/constraints/KCU105.xdc">
      <FileInfo>
        <Attr Name="ImportPath" Val="$PPRDIR/../../../Xilinx/DAC38RF82/UltraScale_P7_T14/constraints/KCU105.xdc"/>
        <Attr Name="ImportTime" Val="1463090368"/>
        <Attr Name="UsedIn" Val="synthesis"/>
        <Attr Name="UsedIn" Val="implementation"/>
      </FileInfo>
    </File>
    <File Path="$PSRCDIR/constrs_1/imports/constraints/KCU105_io_TI.xdc">
      <FileInfo>
        <Attr Name="ImportPath" Val="$PPRDIR/../../../Xilinx/DAC38RF82/UltraScale_P7_T14/constraints/KCU105_io_TI.xdc"/>
        <Attr Name="ImportTime" Val="1457553134"/>
        <Attr Name="UsedIn" Val="synthesis"/>
        <Attr Name="UsedIn" Val="implementation"/>
      </FileInfo>
    </File>
    <File Path="$PSRCDIR/constrs_1/imports/constraints/KCU105_io.xdc">
      <FileInfo>
        <Attr Name="ImportPath" Val="$PPRDIR/../../../Xilinx/DAC38RF82/UltraScale_P7_T14/constraints/KCU105_io.xdc"/>
        <Attr Name="ImportTime" Val="1449702636"/>
        <Attr Name="UsedIn" Val="synthesis"/>
        <Attr Name="UsedIn" Val="implementation"/>
      </FileInfo>
    </File>
    <Config>
      <Option Name="TargetConstrsFile" Val="$PSRCDIR/constrs_1/imports/constraints/KCU105_io.xdc"/>
      <Option Name="ConstrsType" Val="XDC"/>
    </Config>
  </FileSet>
  <Strategy Version="1" Minor="2">
    <StratHandle Name="Vivado Implementation Defaults" Flow="Vivado Implementation 2016"/>
    <Step Id="init_design"/>
    <Step Id="opt_design"/>
    <Step Id="power_opt_design"/>
    <Step Id="place_design">
      <Option Id="Directive">0</Option>
    </Step>
    <Step Id="post_place_power_opt_design"/>
    <Step Id="phys_opt_design" EnableStepBool="1">
      <Option Id="Directive">0</Option>
    </Step>
    <Step Id="route_design">
      <Option Id="Directive">0</Option>
    </Step>
    <Step Id="post_route_phys_opt_design" EnableStepBool="1">
      <Option Id="Directive">0</Option>
    </Step>
    <Step Id="write_bitstream"/>
  </Strategy>
</GenRun>
